{
  "urls": [
    "resource\\game\\shared\\sound\\all_music.ogg?1595585363848",
    "resource\\game\\shared\\sound\\all_music.mp3?1595585363848"
  ],
  "sprite": {
    "all_win": [
      0,
      9377.95918367347
    ],
    "book": [
      11000,
      208.97959183673544
    ],
    "button": [
      13000,
      156.73469387755114
    ],
    "cat": [
      15000,
      496.3265306122455
    ],
    "crystal": [
      17000,
      1201.6326530612246
    ],
    "down": [
      20000,
      1175.5102040816325
    ],
    "fg": [
      23000,
      32052.244897959183,
      true
    ],
    "fire_connection": [
      57000,
      1671.8367346938762
    ],
    "fire_fire": [
      60000,
      940.4081632653032
    ],
    "fire_hammer": [
      62000,
      705.3061224489809
    ],
    "fire_hit": [
      64000,
      574.6938775510273
    ],
    "hit": [
      66000,
      1018.7755102040796
    ],
    "ice_broken_2": [
      69000,
      600.8163265306052
    ],
    "ice_broken": [
      71000,
      940.4081632653032
    ],
    "ice_connection": [
      73000,
      1384.4897959183697
    ],
    "ice_fire": [
      76000,
      940.4081632653032
    ],
    "ice_hammer": [
      78000,
      1384.4897959183697
    ],
    "ice_hit": [
      81000,
      313.4693877551058
    ],
    "ice_tap": [
      83000,
      1201.6326530612246
    ],
    "jp_symbol_4": [
      86000,
      2951.8367346938703
    ],
    "jp_symbol": [
      90000,
      653.0612244897895
    ],
    "jp_win": [
      92000,
      7131.428571428572
    ],
    "lucky_JP": [
      101000,
      9560.816326530614
    ],
    "money": [
      112000,
      731.428571428566
    ],
    "ng": [
      114000,
      17528.16326530612,
      true
    ],
    "open_hit": [
      133000,
      705.3061224489738
    ],
    "red": [
      135000,
      1044.897959183686
    ],
    "scatter": [
      138000,
      992.6530612245017
    ],
    "score_rotation": [
      140000,
      18337.95918367346
    ],
    "score_sound": [
      160000,
      783.6734693877645
    ],
    "spin": [
      162000,
      444.08163265305234
    ],
    "tap": [
      164000,
      1280.0000000000011
    ],
    "wild_symbol": [
      167000,
      914.285714285711
    ]
  }
}